"Location","ExtractionID","CatID","CombinedID","SampleID","Age","Arrival","Samplingdate","Origin","F.M","Bites","Hisses","Retreats","Vocalization","Acceptance","Sedating","Healthy","Dry_skin","Stiff","Agile","Clear_eyes","Sick_injured","Coat_condition","Fed","Andet","INDEX","F_index","R_index"
"Aruba","AR1","ARD1","Aruba_501","56","Unknown","Unknown","16.03.18","Tame","Male","NO","NO","NO","YES",NA,"NO","YES","NO","NO","NO","YES","NO","Healthy","","59",1,"AACTGTGC","AACTGTGG"
"Aruba","AR10","ARD10","Aruba_502","104645","1.5 years","10.04.18","10.04.18","Tame","Male","NO","NO","NO","YES",NA,"NO","YES","NO","NO","NO","NO","NO","","","",2,"TCGTACAG","TCGTACAG"
"Aruba","AR13","ARD13","Aruba_503","12","1 year","08.03.18","08.03.18","Tame","Female","NO","NO","YES","YES","YES","NO","YES","NO","NO","NO","YES","NO","","","wounded",3,"CTCACTGC","CTCACTGG"
"Aruba","AR16","ARF16","Aruba_504","104146","Unknown","20.03.18","20.03.18","Feral","Female","NO","NO","YES","YES",NA,"NO","NO","NO","NO","NO","NO","NO","Matted","","Fleas",4,"GTGCTACT","GTGCTACT"
"Aruba","AR21","ARD21","Aruba_505","78","Unknown","19.03.18","19.03.18","Tame","Male","NO","NO","NO",NA,"YES","NO","YES","NO","NO","NO","YES","NO","Healthy","","",5,"GCTTGACC","GCTTGACG"
"Aruba","AR24","ARD24","Aruba_506","9297","6 months","28.03.18","27.03.18","Tame","Female","NO","NO","NO","YES","YES","NO","YES","NO","NO","NO","YES","NO","Healthy","","",6,"CATCATCT","CATCATCT"
"Aruba","AR31","ARF31","Aruba_507","58","Unknown","Unknown",NA,"Feral","Female","NO","NO","YES","YES","YES","NO","YES","NO","NO","NO","YES","NO","","","",7,"TGCTACTC","TGCTACTG"
"Aruba","AR33","ARD33","Aruba_508","34","Unknown","09.03.18","09.03.18","Tame","Female","NO","NO","YES",NA,"YES","NO","YES","NO","NO","NO","YES","NO","","","",8,"AGAAGTGT","AGAAGTGT"
"Aruba","AR40","ARF40","Aruba_509","2748","1 year","Unknown","02.05.18","Feral","Female","NO","NO","NO","YES","YES","NO","YES","NO","NO","NO","YES","NO","Healthy","","",9,"AGTGTCAC","AGTGTCAG"
"Aruba","AR43","ARF43","Aruba_510","99623","1 year","12.03.18","12.03.18","Feral","Male","NO","NO","YES",NA,NA,"NO","YES","NO","NO","NO","NO","NO","","","",10,"TCACAGGT","TCACAGGT"
"Aruba","AR55","ARF55","Aruba_511","303","Unknown","20.03.18","20.03.18","Feral","Male","NO","NO","YES",NA,"YES","NO","YES","NO","NO","NO","YES","NO","","","",11,"CCTTAGAC","CCTTAGAG"
"Aruba","AR6","ARF6","Aruba_512","9268","Unknown","Unknown","03.04.18","Feral","Male","NO","YES","NO",NA,NA,"NO","YES","NO","NO","NO","NO","NO","Healthy","","",12,"GTAAGGTC","GTAAGGTC"
"Aruba","AR7","ARF7","Aruba_513","103922","Unknown","12.03.18","12.03.18","Feral","Female","NO","NO","YES",NA,NA,"NO","YES","NO","NO","NO","YES","NO","","","Pregnant/nursing",13,"GATCGAGC","GATCGAGG"
"Aruba","AR57","ARD57","Aruba_514","2758","Unknown","30.04.18","30.04.18","Tame","Male","NO","NO","NO","YES","YES","NO","YES","NO","NO","NO","YES","NO","Healthy","","",14,"CAAGAGAC","CAAGAGAC"
"Aruba","AR58","ARD58","Aruba_515","2590","Unknown","30.04.18","30.04.18","Tame","Female","NO","NO","NO","NO","YES","NO","YES","NO","NO","NO","YES","NO","Healthy","","",15,"TAGAAGAC","TAGAAGAG"
"Aruba","AR34","ARD34","Aruba_516","31","Unknown","09.03.18","09.03.18","Tame","Male","NO","NO","NO",NA,"YES","NO","YES","NO","NO","NO","NO","NO","Healthy","","",16,"AGCGTGTA","AGCGTGTA"
"Brazil","BR1","BRF1","Brazil_501","BR1","Unknown","","06.07.18","Feral","Female","YES","NO","YES",NA,"NO","YES","YES","NO","NO","NO","YES","NO","","","",1,"AACTGTGC","AACTGTGG"
"Brazil","BR2","BRF2","Brazil_502","BR2","Unknown","","30.12.18","Feral","Female","YES","NO","NO","NO","NO","YES","NO","NO","NO","NO","NO","YES","Bad","","",2,"TCGTACAG","TCGTACAG"
"Brazil","BR15","BRF15","Brazil_503","BR15","Unknown","","06.07.18","Feral","Male","YES","YES","NO",NA,NA,"NO","NO","NO","NO","YES","YES","NO","","","",3,"CTCACTGC","CTCACTGG"
"Brazil","BR16","BRF16","Brazil_504","BR16","Unknown","","06.06.18","Feral","Female","NO","NO","YES",NA,NA,"NO","NO","NO","YES","NO","NO","NO","","","",4,"GTGCTACT","GTGCTACT"
"Brazil","BR18","BRF18","Brazil_505","BR18","Adult","","10.02.18","Feral","Male","YES","NO","NO",NA,"YES","NO","NO","NO","NO","YES","NO","NO","Healthy","","",5,"GCTTGACC","GCTTGACG"
"Brazil","BR20","BRF20","Brazil_506","BR20","Unknown","","05.06.18","Feral","Male","YES","YES","NO",NA,NA,"NO","NO","NO","NO","NO","NO","YES","Bad","","",6,"CATCATCT","CATCATCT"
"Brazil","BR23","BRF23","Brazil_507","BR23","Adult","","05.05.18","Feral","Female","NO","NO","YES",NA,NA,"NO","NO","NO","NO","NO","YES","NO","","","",7,"TGCTACTC","TGCTACTG"
"Brazil","BR24","BRF24","Brazil_508","BR24","Adult","","01.06.18","Feral","Male","YES","NO","NO",NA,NA,"NO","NO","NO","NO","YES","NO","NO","","","",8,"AGAAGTGT","AGAAGTGT"
"Brazil","BR33","BRD33","Brazil_509","Mimi","Unknown","28.01.17","x.01.18","Tame","Female","NO","NO","NO",NA,NA,"NO","YES","NO","NO","YES","YES","NO","Healthy","","",9,"AGTGTCAC","AGTGTCAG"
"Brazil","BR34","BRD34","Brazil_510","Greta","5 years","29.05.15","x.01.18","Tame","Female","YES","NO","NO",NA,NA,"NO","YES","NO","NO","YES","YES","NO","Healthy","","",10,"TCACAGGT","TCACAGGT"
"Brazil","BR37","BRD37","Brazil_511","Pistache","1 year","05.12.17","x.01.18","Tame","Male","NO","NO","YES",NA,NA,"NO","YES","NO","NO","NO","YES","NO","","","seguila neurologica",11,"CCTTAGAC","CCTTAGAG"
"Brazil","BR38","BRD38","Brazil_512","Siam","3 years","13.07.15","x.01.18","Tame","Male","NO","NO","YES",NA,NA,"NO","YES","NO","NO","YES","YES","NO","Healthy","","paraplogico bipede",12,"GTAAGGTC","GTAAGGTC"
"Brazil","BR41","BRD41","Brazil_513","Kowalski","7 years","29.05.16","x.01.18","Tame","Male","NO","NO","NO",NA,NA,"NO","YES","NO","NO","NO","YES","NO","Healthy","","FeLV+",13,"GATCGAGC","GATCGAGG"
"Brazil","BR42","BRD42","Brazil_514","Miu","8 years","29.03.16","x.01.18","Tame","Male","NO","NO","NO",NA,NA,"NO","YES","NO","NO","NO","YES","NO","Healthy","","seguila neurologica",14,"CAAGAGAC","CAAGAGAC"
"Brazil","BR45","BRD45","Brazil_515","Berinjela","6 years","10.10.xx","12.03.18","Tame","Female","NO","NO","NO","YES","YES","NO","YES","NO","NO","YES","YES","NO","Healthy","","",15,"TAGAAGAC","TAGAAGAG"
"Brazil","BR46","BRD46","Brazil_516","Panqueca","6 years","20.10.xx","12.03.18","Tame","Female","NO","NO","NO",NA,"YES","NO","YES","NO","NO","NO","YES","NO","Healthy","","",16,"AGCGTGTA","AGCGTGTA"
"CaboVerde","CV4","CVD4","CaboVerde_501","D4","2 years","Street cat","03.10.18","Tame","Male","NO","NO","NO","YES","YES","NO","YES","NO","NO","YES","YES","NO","Healthy","","",1,"AACTGTGC","AACTGTGG"
"CaboVerde","CV37","CVD37","CaboVerde_502","Gata 17 - Bamboia","1 year","14.11.18","14.11.18","Tame","Female","NO","NO","NO","YES","YES","NO","YES","NO","NO","NO","YES","NO","Healthy","","",2,"TCGTACAG","TCGTACAG"
"CaboVerde","CV2","CVD2","CaboVerde_503","D2","5 months","Street cat","03.10.18","Tame","Male","NO","NO","NO","YES","YES","NO","YES","NO","NO","YES","YES","NO","Healthy","","",3,"CTCACTGC","CTCACTGG"
"CaboVerde","CV34","CVD34","CaboVerde_504","Gata 14 - Kitty","1 year","13.11.18","13.11.18","Tame","Female","NO","NO","NO","YES","YES","NO","YES","NO","NO","NO","YES","NO","Healthy","","",4,"GTGCTACT","GTGCTACT"
"CaboVerde","CV15","CVD15","CaboVerde_505","D15","2 years","Street cat","04.10.18","Tame","Female","NO","NO","NO","NO","YES","NO","YES","NO","NO","YES","YES","NO","Healthy","","",5,"GCTTGACC","GCTTGACG"
"CaboVerde","CV19","CVD19","CaboVerde_506","D19","5 years","Street cat","16.10.18","Tame","Male","NO","YES","YES","NO",NA,"NO","YES","NO","NO","YES","YES","NO","Healthy","","Pregnant/nursing..... but male?",6,"CATCATCT","CATCATCT"
"CaboVerde","CV30","CVD30","CaboVerde_507","Gata 10 - Joel","3 years","12.11.18","12.11.18","Tame","Male","NO","YES","NO",NA,"YES","NO","YES","NO","NO","NO","YES","NO","Healthy","","",7,"TGCTACTC","TGCTACTG"
"CaboVerde","CV5","CVD5","CaboVerde_508","D5","2 years","Street cat",NA,"Tame","Male","NO","NO","NO","YES","YES","NO","YES","NO","NO","YES","YES","NO","Healthy","","",8,"AGAAGTGT","AGAAGTGT"
"CaboVerde","CV10","CVD10","CaboVerde_509","D10","9 months","Street cat","04.10.18","Tame","Male","NO","NO","NO","NO","YES","NO","YES","NO","NO","YES","YES","NO","Healthy","","",9,"AGTGTCAC","AGTGTCAG"
"CaboVerde","CV13","CVD13","CaboVerde_510","D13","10 months","Street cat","04.10.18","Tame","Female","NO","NO","NO","YES","YES","NO","YES","NO","NO","YES","YES","NO","Healthy","","",10,"TCACAGGT","TCACAGGT"
"CaboVerde","CV17","CVD17","CaboVerde_511","D17","9 months","Street cat","16.10.18","Tame","Male","NO","NO","YES","NO","YES","NO","YES","NO","NO","YES","YES","NO","Healthy","","",11,"CCTTAGAC","CCTTAGAG"
"CaboVerde","CV20","CVD20","CaboVerde_512","D20","8 years","Street cat","16.10.18","Tame","Female","NO","NO","NO","NO","YES","NO","YES","NO","NO","YES","YES","NO","Healthy","","",12,"GTAAGGTC","GTAAGGTC"
"CaboVerde","CV23","CVF23","CaboVerde_513","Gata 3 - Bela","1 year","26.10.18","26.10.18","Feral","Female","NO","NO","NO","YES","YES","NO","YES","NO","NO","NO","YES","NO","Healthy","","Pregnant/Nursing",13,"GATCGAGC","GATCGAGG"
"CaboVerde","CV27","CVF27","CaboVerde_514","Gata 7 - Estolino 1","3 years","31.10.18","31.10.18","Feral","Female","NO","NO","NO","YES","YES","NO","NO","YES","NO","NO","NO","NO","Matted","","",14,"CAAGAGAC","CAAGAGAC"
"CaboVerde","CV29","CVF29","CaboVerde_515","Gata 9 - Kiko","4 years","12.11.18","12.11.18","Feral","Male","NO","NO","NO","YES","YES","NO","YES","NO","NO","NO","YES","NO","","","",15,"TAGAAGAC","TAGAAGAG"
"Denmark","DKB3","DKB3","Denmark_10","","Unknown","02.08.17","03.08.17","Feral","Unknown","NO","YES","NO","YES",NA,"YES","NO","NO","NO","NO","NO","NO","","YES","",10,"TCACAGGT","TCACAGGT"
"Denmark","DKB30","1025481","Denmark_11","","Unknown","01.03.17","02.03.17","Feral","Unknown","NO","YES","YES","YES","NO","YES","NO","NO","NO","NO","NO","NO","","YES","",11,"CCTTAGAC","CCTTAGAG"
"Denmark","DKB31","1025526","Denmark_12","","Unknown","16.02.17","17.02.17","Tame","Unknown","NO","YES","NO",NA,"NO","YES","NO","NO","NO","NO","NO","NO","","YES","",12,"GTAAGGTC","GTAAGGTC"
"Denmark","DKB6","1025556","Denmark_13","","Unknown","10.04.17","11.04.17","Tame","Female","NO","NO","NO",NA,"YES","NO","NO","NO","NO","NO","NO","NO","","","",13,"GATCGAGC","GATCGAGG"
"Denmark","DKB7","1025639","Denmark_14","","Unknown","07.03.17","08.03.17","Tame","Unknown","NO","NO","NO","YES","YES","NO","NO","NO","NO","NO","NO","NO","Bad","YES","",14,"CAAGAGAC","CAAGAGAC"
"Denmark","DKB9","1025731","Denmark_15","","Unknown","03.04.17","05.04.17","Feral","Unknown","NO","NO","YES",NA,NA,"NO","NO","NO","NO","NO","NO","NO","","YES","",15,"TAGAAGAC","TAGAAGAG"
"Denmark","DKB10","1025903","Denmark_1","","Unknown","03.05.17","04.05.17","Tame","Unknown","NO","NO","NO",NA,NA,"NO","NO","NO","NO","NO","NO","NO","","YES","Pregnant",1,"AACTGTGC","AACTGTGG"
"Denmark","DKB11","1025943","Denmark_2","","Unknown","03.05.17","04.05.17","Feral","Unknown","NO","YES","NO","NO",NA,"NO","NO","NO","NO","NO","NO","NO","","YES","",2,"TCGTACAG","TCGTACAG"
"Denmark","DKB13","1026125","Denmark_3","","Unknown","29.05.17","30.05.17","Feral","Unknown","NO","NO","YES","YES",NA,"NO","NO","NO","NO","NO","NO","NO","Bad","YES","",3,"CTCACTGC","CTCACTGG"
"Denmark","DKB16","1025495","Denmark_4","","Unknown","21.02.17","21.02.17","Feral","Unknown","NO","NO","NO","YES",NA,"NO","NO","NO","NO","NO","NO","NO","","YES","",4,"GTGCTACT","GTGCTACT"
"Denmark","DKB18","17462","Denmark_5","","Unknown","03.10.17","04.10.17","Tame","Unknown","NO","NO","NO",NA,NA,"NO","NO","NO","NO","NO","NO","NO","","YES","",5,"GCTTGACC","GCTTGACG"
"Denmark","DKB20","1025417 (1)","Denmark_6","","Unknown","10.03.17","11.03.17","Feral","Unknown","NO","NO","NO","NO","YES","NO","NO","NO","NO","NO","NO","NO","","YES","",6,"CATCATCT","CATCATCT"
"Denmark","DKB21","1025679 (2)","Denmark_7","","Unknown","17.03.17","20.03.17","Feral","Unknown","YES","YES","NO","NO",NA,"NO","NO","NO","NO","NO","NO","NO","","YES","",7,"TGCTACTC","TGCTACTG"
"Denmark","DKB25","1024977(3)","Denmark_8","","Unknown","15.02.17","16.02.17","Feral","Unknown","YES","NO","NO","YES","YES","NO","NO","NO","NO","NO","YES","NO","","YES","",8,"AGAAGTGT","AGAAGTGT"
"Denmark","DKB27","17166","Denmark_9","","Unknown","02.05.17","03.05.17","Tame","Unknown","NO","NO","NO",NA,NA,"NO","NO","NO","YES","NO","NO","NO","","YES","",9,"AGTGTCAC","AGTGTCAG"
"Malaysia","MY10","MYD10","Malaysia_501","D10","1 year","15.11.17","15.11.17","Tame","Male","NO","NO","NO","YES","YES","NO","NO","NO","NO","NO","YES","NO","Healthy","","Overweight",1,"AACTGTGC","AACTGTGG"
"Malaysia","MY15","MYD15","Malaysia_502","D15","1 year","18.11.17","18.11.17","Tame","Female","NO","NO","NO",NA,NA,"NO","YES","NO","NO","NO","YES","NO","Healthy","","",2,"TCGTACAG","TCGTACAG"
"Malaysia","MY16","MYD16","Malaysia_503","D16","1 year","18.11.17","18.11.17","Tame","Male","NO","NO","NO","YES","YES","NO","YES","NO","NO","NO","YES","NO","Healthy","","",3,"CTCACTGC","CTCACTGG"
"Malaysia","MY18","MYD18","Malaysia_504","D18","6 months","19.11.17","19.11.17","Tame","Male","NO","NO","NO","YES","YES","NO","YES","NO","NO","NO","YES","NO","Healthy","","",4,"GTGCTACT","GTGCTACT"
"Malaysia","MY49","MYF49","Malaysia_505","F19","2 years","24.11.17","24.11.17","Feral","Male","NO","YES","YES",NA,"YES","NO","NO","YES","NO","YES","YES","NO","","","",5,"GCTTGACC","GCTTGACG"
"Malaysia","MY3","MYD3","Malaysia_506","D3(5)","1.5 year","12.11.17","12.11.17","Tame","Male","NO","NO","NO",NA,"YES","NO","YES","NO","NO","NO","YES","NO","Healthy","","",6,"CATCATCT","CATCATCT"
"Malaysia","MY9","MYD9","Malaysia_507","D9","1 year","15.11.17","15.11.17","Tame","Female","NO","NO","NO","YES","YES","NO","YES","NO","NO","YES","YES","NO","Healthy","","",7,"TGCTACTC","TGCTACTG"
"Malaysia","MY19","MYD19","Malaysia_508","D19","6 months","19.11.17","19.11.17","Tame","Female","NO","NO","NO","YES","YES","NO","YES","NO","NO","NO","YES","NO","Healthy","","",8,"AGAAGTGT","AGAAGTGT"
"Malaysia","MY27","MYD27","Malaysia_509","D27","1 year","23.11.17","23.11.17","Tame","Female","NO","NO","NO","YES","YES","NO","YES","NO","NO","NO","YES","NO","Healthy","","",9,"AGTGTCAC","AGTGTCAG"
"Malaysia","MY36","MYF36","Malaysia_510","F6 (2)","6 months","16.11.17","16.11.17","Feral","Male","NO","YES","NO","YES","NO","YES","YES","NO","NO","NO","YES","NO","Healthy","","",10,"TCACAGGT","TCACAGGT"
"Malaysia","MY45","MYF45","Malaysia_511","F15","1 year","22.11.17","22.11.17","Feral","Female","NO","YES","NO","YES","NO","YES","YES","NO","NO","NO","YES","NO","Healthy","","Pregnant/nursing",11,"CCTTAGAC","CCTTAGAG"
"Malaysia","MY48","MYF48","Malaysia_512","F18","8 months","23.11.17","23.11.17","Feral","Female","NO","YES","NO","NO","NO","YES","YES","NO","NO","NO","YES","NO","Healthy","","",12,"GTAAGGTC","GTAAGGTC"
"Malaysia","MY52","MYF52","Malaysia_513","F22 (4)","4 months","26.11.17","26.11.17","Feral","Male","YES","NO","NO","YES","NO","YES","YES","NO","NO","YES","YES","NO","Healthy","","",13,"GATCGAGC","GATCGAGG"
"Malaysia","MY54","MYF54","Malaysia_514","F24","1 year","17.12.17","17.12.17","Feral","Female","YES","YES","YES","NO","NO","YES","YES","NO","NO","NO","YES","NO","Healthy","","",14,"CAAGAGAC","CAAGAGAC"
"Malaysia","MY57","MYF57","Malaysia_515","F27","1 year","20.12.17","20.12.17","Feral","Female","NO","YES","YES","YES","NO","YES","YES","NO","NO","NO","YES","NO","Healthy","","",15,"TAGAAGAC","TAGAAGAG"
"Spain","ES1","ESD1","Spain_501","2019/06/U7 Bubu","1 year","28.06.2019","28.06.2019","Tame","Male","NO","NO","NO","NO","YES","NO","YES","NO","NO","YES","YES","NO","Healthy","","scared",1,"AACTGTGC","AACTGTGG"
"Spain","ES2","ESD2","Spain_502","2019/06/U8 Kitty","1 year","28.06.2019","28.06.2019","Tame","Female","NO","NO","NO","NO","YES","NO","YES","NO","YES","NO","YES","NO","Healthy","","scared",2,"TCGTACAG","TCGTACAG"
"Spain","ES3","ESF3","Spain_503","2019/06/U9 Grisi","1.5 years","28.06.2019","28.06.2019","Feral","Female","YES","NO","NO","YES","NO","YES","YES","NO","NO","YES","YES","NO","Healthy","","Lactating + scared",3,"CTCACTGC","CTCACTGG"
"Spain","ES4","ESF4","Spain_504","2019/06/083-3 Lena","1.5 years","","","Feral","Female","NO","NO","NO","YES","NO","YES","YES","NO","NO","YES","YES","NO","Healthy","","Lactating + scared + mites in both ears",4,"GTGCTACT","GTGCTACT"
"Spain","ES5","ESD5","Spain_505","2019/06/087 Mukina","7 years","","","Tame","Female","NO","NO","NO","NO","YES","NO","YES","NO","NO","YES","YES","NO","Healthy","","Lactating",5,"GCTTGACC","GCTTGACG"
"Spain","ES6","ESD6","Spain_506","2019/06/095 Lima","9 months","","","Tame","Female","NO","NO","NO","YES","YES","NO","YES","NO","NO","YES","YES","NO","Healthy","","scared",6,"CATCATCT","CATCATCT"
"Spain","ES7","ESF7","Spain_507","2019/05/057 Romeo","2 years","","","Feral","Male","NO","YES","NO","NO","NO","YES","YES","NO","NO","YES","YES","NO","Healthy","","",7,"TGCTACTC","TGCTACTG"
"Spain","ES8","ESD8","Spain_508","2019/05/056 Nara","6 months","","","Tame","Female","NO","YES","NO",NA,"YES","NO","YES","NO","NO","YES","YES","NO","Healthy","","Hisses in clinic but is sociable at home",8,"AGAAGTGT","AGAAGTGT"
"Spain","ES9","ESF9","Spain_509","2019/05/058 Princesa","8 years","","","Feral","Female","NO","NO","NO",NA,"NO","YES","YES","NO","NO","YES","YES","NO","Healthy","","scared",9,"AGTGTCAC","AGTGTCAG"
"Spain","ES10","ESD10","Spain_510","2019/06/008 Misca","1 year","","","Tame","Female","NO","NO","NO","YES","YES","NO","YES","NO","NO","YES","YES","NO","Healthy","","scared",10,"TCACAGGT","TCACAGGT"
"Spain","ES11","ESF11","Spain_511","2019/06/025 Ultima","1 year","","","Feral","Female","YES","YES","NO","NO","NO","YES","YES","NO","NO","YES","YES","YES","Healthy","","scared + wound on nose from trying to escape cage",11,"CCTTAGAC","CCTTAGAG"
"Spain","ES12","ESF12","Spain_512","2019/06/024 Blanca","4 years","","","Feral","Female","NO","NO","NO","YES","NO","YES","NO","YES","NO","YES","YES","YES","","","scared + lactating + ear mites and ear dermatitis",12,"GTAAGGTC","GTAAGGTC"
"Spain","ES14","ESD14","Spain_514","2019/06/050 Sol","1 year","","","Tame","Male","NO","NO","NO","YES","YES","NO","YES","NO","NO","YES","YES","NO","Healthy","","",14,"CAAGAGAC","CAAGAGAC"
"Spain","ES15","ESF15","Spain_515","2019/06/049 Naranuto","1 year","","","Feral","Male","NO","YES","NO","YES","NO","YES","YES","NO","NO","YES","YES","NO","Healthy","","Ear issues",15,"TAGAAGAC","TAGAAGAG"
"Spain","ES16","ESD16","Spain_516","2019/06/043 Lia","13 months","","","Tame","Female","NO","NO","NO","YES","YES","NO","YES","NO","NO","YES","YES","NO","Healthy","","scared",16,"AGCGTGTA","AGCGTGTA"
