sample	Behaviour	Location	ExtractionID	CatID	SampleID	Age	Arrival	Samplingdate	Origin	Sex	Bites	Hisses	Retreats	Vocalization	Acceptance	Sedating	Healthy	Dry_skin	Stiff	Agile	Clear_eyes	Sick_injured	Coat_condition	Fed	Andet	INDEX	F_index	R_index
Aruba_501	social	Aruba	AR1	ARD1	56	Unknown	Unknown	16.03.18	domestic	Male	NO	NO	NO	YES	NA	NO	YES	NO	NO	NO	YES	NO	Healthy	NA	59	1	AACTGTGC	AACTGTGG
Aruba_502	social	Aruba	AR10	ARD10	104645	1.5 years	10.04.18	10.04.18	domestic	Male	NO	NO	NO	YES	NA	NO	YES	NO	NO	NO	NO	NO	NA	NA	NA	2	TCGTACAG	TCGTACAG
Aruba_503	antisocial	Aruba	AR13	ARD13	12	1 year	08.03.18	08.03.18	domestic	Female	NO	NO	YES	YES	YES	NO	YES	NO	NO	NO	YES	NO	NA	NA	wounded	3	CTCACTGC	CTCACTGG
Aruba_504	antisocial	Aruba	AR16	ARF16	104146	Unknown	20.03.18	20.03.18	feral	Female	NO	NO	YES	YES	NA	NO	NO	NO	NO	NO	NO	NO	Matted	NA	Fleas	4	GTGCTACT	GTGCTACT
Aruba_505	social	Aruba	AR21	ARD21	78	Unknown	19.03.18	19.03.18	domestic	Male	NO	NO	NO	NA	YES	NO	YES	NO	NO	NO	YES	NO	Healthy	NA	NA	5	GCTTGACC	GCTTGACG
Aruba_506	social	Aruba	AR24	ARD24	9297	6 months	28.03.18	27.03.18	domestic	Female	NO	NO	NO	YES	YES	NO	YES	NO	NO	NO	YES	NO	Healthy	NA	NA	6	CATCATCT	CATCATCT
Aruba_507	antisocial	Aruba	AR31	ARF31	58	Unknown	Unknown	NA	feral	Female	NO	NO	YES	YES	YES	NO	YES	NO	NO	NO	YES	NO	NA	NA	NA	7	TGCTACTC	TGCTACTG
Aruba_508	antisocial	Aruba	AR33	ARD33	34	Unknown	09.03.18	09.03.18	domestic	Female	NO	NO	YES	NA	YES	NO	YES	NO	NO	NO	YES	NO	NA	NA	NA	8	AGAAGTGT	AGAAGTGT
Aruba_509	social	Aruba	AR40	ARF40	2748	1 year	Unknown	02.05.18	feral	Female	NO	NO	NO	YES	YES	NO	YES	NO	NO	NO	YES	NO	Healthy	NA	NA	9	AGTGTCAC	AGTGTCAG
Aruba_510	antisocial	Aruba	AR43	ARF43	99623	1 year	12.03.18	12.03.18	feral	Male	NO	NO	YES	NA	NA	NO	YES	NO	NO	NO	NO	NO	NA	NA	NA	10	TCACAGGT	TCACAGGT
Aruba_511	antisocial	Aruba	AR55	ARF55	303	Unknown	20.03.18	20.03.18	feral	Male	NO	NO	YES	NA	YES	NO	YES	NO	NO	NO	YES	NO	NA	NA	NA	11	CCTTAGAC	CCTTAGAG
Aruba_512	antisocial	Aruba	AR6	ARF6	9268	Unknown	Unknown	03.04.18	feral	Male	NO	YES	NO	NA	NA	NO	YES	NO	NO	NO	NO	NO	Healthy	NA	NA	12	GTAAGGTC	GTAAGGTC
Aruba_513	antisocial	Aruba	AR7	ARF7	103922	Unknown	12.03.18	12.03.18	feral	Female	NO	NO	YES	NA	NA	NO	YES	NO	NO	NO	YES	NO	NA	NA	Pregnant/nursing	13	GATCGAGC	GATCGAGG
Aruba_514	social	Aruba	AR57	ARD57	2758	Unknown	30.04.18	30.04.18	domestic	Male	NO	NO	NO	YES	YES	NO	YES	NO	NO	NO	YES	NO	Healthy	NA	NA	14	CAAGAGAC	CAAGAGAC
Aruba_515	social	Aruba	AR58	ARD58	2590	Unknown	30.04.18	30.04.18	domestic	Female	NO	NO	NO	NO	YES	NO	YES	NO	NO	NO	YES	NO	Healthy	NA	NA	15	TAGAAGAC	TAGAAGAG
Aruba_516	social	Aruba	AR34	ARD34	31	Unknown	09.03.18	09.03.18	domestic	Male	NO	NO	NO	NA	YES	NO	YES	NO	NO	NO	NO	NO	Healthy	NA	NA	16	AGCGTGTA	AGCGTGTA
Brazil_501	antisocial	Brazil	BR1	BRF1	BR1	Unknown	NA	06.07.18	feral	Female	YES	NO	YES	NA	NO	YES	YES	NO	NO	NO	YES	NO	NA	NA	NA	1	AACTGTGC	AACTGTGG
Brazil_502	antisocial	Brazil	BR2	BRF2	BR2	Unknown	NA	30.12.18	feral	Female	YES	NO	NO	NO	NO	YES	NO	NO	NO	NO	NO	YES	Bad	NA	NA	2	TCGTACAG	TCGTACAG
Brazil_503	antisocial	Brazil	BR15	BRF15	BR15	Unknown	NA	06.07.18	feral	Male	YES	YES	NO	NA	NA	NO	NO	NO	NO	YES	YES	NO	NA	NA	NA	3	CTCACTGC	CTCACTGG
Brazil_504	antisocial	Brazil	BR16	BRF16	BR16	Unknown	NA	06.06.18	feral	Female	NO	NO	YES	NA	NA	NO	NO	NO	YES	NO	NO	NO	NA	NA	NA	4	GTGCTACT	GTGCTACT
Brazil_505	antisocial	Brazil	BR18	BRF18	BR18	Adult	NA	10.02.18	feral	Male	YES	NO	NO	NA	YES	NO	NO	NO	NO	YES	NO	NO	Healthy	NA	NA	5	GCTTGACC	GCTTGACG
Brazil_506	antisocial	Brazil	BR20	BRF20	BR20	Unknown	NA	05.06.18	feral	Male	YES	YES	NO	NA	NA	NO	NO	NO	NO	NO	NO	YES	Bad	NA	NA	6	CATCATCT	CATCATCT
Brazil_507	antisocial	Brazil	BR23	BRF23	BR23	Adult	NA	05.05.18	feral	Female	NO	NO	YES	NA	NA	NO	NO	NO	NO	NO	YES	NO	NA	NA	NA	7	TGCTACTC	TGCTACTG
Brazil_508	antisocial	Brazil	BR24	BRF24	BR24	Adult	NA	01.06.18	feral	Male	YES	NO	NO	NA	NA	NO	NO	NO	NO	YES	NO	NO	NA	NA	NA	8	AGAAGTGT	AGAAGTGT
Brazil_509	social	Brazil	BR33	BRD33	Mimi	Unknown	28.01.17	x.01.18	domestic	Female	NO	NO	NO	NA	NA	NO	YES	NO	NO	YES	YES	NO	Healthy	NA	NA	9	AGTGTCAC	AGTGTCAG
Brazil_510	antisocial	Brazil	BR34	BRD34	Greta	5 years	29.05.15	x.01.18	domestic	Female	YES	NO	NO	NA	NA	NO	YES	NO	NO	YES	YES	NO	Healthy	NA	NA	10	TCACAGGT	TCACAGGT
Brazil_511	antisocial	Brazil	BR37	BRD37	Pistache	1 year	05.12.17	x.01.18	domestic	Male	NO	NO	YES	NA	NA	NO	YES	NO	NO	NO	YES	NO	NA	NA	seguila neurologica	11	CCTTAGAC	CCTTAGAG
Brazil_512	antisocial	Brazil	BR38	BRD38	Siam	3 years	13.07.15	x.01.18	domestic	Male	NO	NO	YES	NA	NA	NO	YES	NO	NO	YES	YES	NO	Healthy	NA	paraplogico bipede	12	GTAAGGTC	GTAAGGTC
Brazil_513	social	Brazil	BR41	BRD41	Kowalski	7 years	29.05.16	x.01.18	domestic	Male	NO	NO	NO	NA	NA	NO	YES	NO	NO	NO	YES	NO	Healthy	NA	FeLV+	13	GATCGAGC	GATCGAGG
Brazil_514	social	Brazil	BR42	BRD42	Miu	8 years	29.03.16	x.01.18	domestic	Male	NO	NO	NO	NA	NA	NO	YES	NO	NO	NO	YES	NO	Healthy	NA	seguila neurologica	14	CAAGAGAC	CAAGAGAC
Brazil_515	social	Brazil	BR45	BRD45	Berinjela	6 years	10.10.xx	12.03.18	domestic	Female	NO	NO	NO	YES	YES	NO	YES	NO	NO	YES	YES	NO	Healthy	NA	NA	15	TAGAAGAC	TAGAAGAG
Brazil_516	social	Brazil	BR46	BRD46	Panqueca	6 years	20.10.xx	12.03.18	domestic	Female	NO	NO	NO	NA	YES	NO	YES	NO	NO	NO	YES	NO	Healthy	NA	NA	16	AGCGTGTA	AGCGTGTA
CaboVerde_501	social	CaboVerde	CV4	CVD4	D4	2 years	Street cat	03.10.18	domestic	Male	NO	NO	NO	YES	YES	NO	YES	NO	NO	YES	YES	NO	Healthy	NA	NA	1	AACTGTGC	AACTGTGG
CaboVerde_502	social	CaboVerde	CV37	CVD37	Gata 17 - Bamboia	1 year	14.11.18	14.11.18	domestic	Female	NO	NO	NO	YES	YES	NO	YES	NO	NO	NO	YES	NO	Healthy	NA	NA	2	TCGTACAG	TCGTACAG
CaboVerde_503	social	CaboVerde	CV2	CVD2	D2	5 months	Street cat	03.10.18	domestic	Male	NO	NO	NO	YES	YES	NO	YES	NO	NO	YES	YES	NO	Healthy	NA	NA	3	CTCACTGC	CTCACTGG
CaboVerde_504	social	CaboVerde	CV34	CVD34	Gata 14 - Kitty	1 year	13.11.18	13.11.18	domestic	Female	NO	NO	NO	YES	YES	NO	YES	NO	NO	NO	YES	NO	Healthy	NA	NA	4	GTGCTACT	GTGCTACT
CaboVerde_505	social	CaboVerde	CV15	CVD15	D15	2 years	Street cat	04.10.18	domestic	Female	NO	NO	NO	NO	YES	NO	YES	NO	NO	YES	YES	NO	Healthy	NA	NA	5	GCTTGACC	GCTTGACG
CaboVerde_506	antisocial	CaboVerde	CV19	CVD19	D19	5 years	Street cat	16.10.18	domestic	Male	NO	YES	YES	NO	NA	NO	YES	NO	NO	YES	YES	NO	Healthy	NA	Pregnant/nursing..... but male?	6	CATCATCT	CATCATCT
CaboVerde_507	antisocial	CaboVerde	CV30	CVD30	Gata 10 - Joel	3 years	12.11.18	12.11.18	domestic	Male	NO	YES	NO	NA	YES	NO	YES	NO	NO	NO	YES	NO	Healthy	NA	NA	7	TGCTACTC	TGCTACTG
CaboVerde_508	social	CaboVerde	CV5	CVD5	D5	2 years	Street cat	NA	domestic	Male	NO	NO	NO	YES	YES	NO	YES	NO	NO	YES	YES	NO	Healthy	NA	NA	8	AGAAGTGT	AGAAGTGT
CaboVerde_509	social	CaboVerde	CV10	CVD10	D10	9 months	Street cat	04.10.18	domestic	Male	NO	NO	NO	NO	YES	NO	YES	NO	NO	YES	YES	NO	Healthy	NA	NA	9	AGTGTCAC	AGTGTCAG
CaboVerde_510	social	CaboVerde	CV13	CVD13	D13	10 months	Street cat	04.10.18	domestic	Female	NO	NO	NO	YES	YES	NO	YES	NO	NO	YES	YES	NO	Healthy	NA	NA	10	TCACAGGT	TCACAGGT
CaboVerde_511	antisocial	CaboVerde	CV17	CVD17	D17	9 months	Street cat	16.10.18	domestic	Male	NO	NO	YES	NO	YES	NO	YES	NO	NO	YES	YES	NO	Healthy	NA	NA	11	CCTTAGAC	CCTTAGAG
CaboVerde_512	social	CaboVerde	CV20	CVD20	D20	8 years	Street cat	16.10.18	domestic	Female	NO	NO	NO	NO	YES	NO	YES	NO	NO	YES	YES	NO	Healthy	NA	NA	12	GTAAGGTC	GTAAGGTC
CaboVerde_513	social	CaboVerde	CV23	CVF23	Gata 3 - Bela	1 year	26.10.18	26.10.18	feral	Female	NO	NO	NO	YES	YES	NO	YES	NO	NO	NO	YES	NO	Healthy	NA	Pregnant/Nursing	13	GATCGAGC	GATCGAGG
CaboVerde_514	social	CaboVerde	CV27	CVF27	Gata 7 - Estolino 1	3 years	31.10.18	31.10.18	feral	Female	NO	NO	NO	YES	YES	NO	NO	YES	NO	NO	NO	NO	Matted	NA	NA	14	CAAGAGAC	CAAGAGAC
CaboVerde_515	social	CaboVerde	CV29	CVF29	Gata 9 - Kiko	4 years	12.11.18	12.11.18	feral	Male	NO	NO	NO	YES	YES	NO	YES	NO	NO	NO	YES	NO	NA	NA	NA	15	TAGAAGAC	TAGAAGAG
Denmark_10	antisocial	Denmark	DKB3	DKB3	NA	Unknown	02.08.17	03.08.17	feral	Unknown	NO	YES	NO	YES	NA	YES	NO	NO	NO	NO	NO	NO	NA	YES	NA	10	TCACAGGT	TCACAGGT
Denmark_11	antisocial	Denmark	DKB30	1025481	NA	Unknown	01.03.17	02.03.17	feral	Unknown	NO	YES	YES	YES	NO	YES	NO	NO	NO	NO	NO	NO	NA	YES	NA	11	CCTTAGAC	CCTTAGAG
Denmark_12	antisocial	Denmark	DKB31	1025526	NA	Unknown	16.02.17	17.02.17	domestic	Unknown	NO	YES	NO	NA	NO	YES	NO	NO	NO	NO	NO	NO	NA	YES	NA	12	GTAAGGTC	GTAAGGTC
Denmark_13	social	Denmark	DKB6	1025556	NA	Unknown	10.04.17	11.04.17	domestic	Female	NO	NO	NO	NA	YES	NO	NO	NO	NO	NO	NO	NO	NA	NA	NA	13	GATCGAGC	GATCGAGG
Denmark_14	social	Denmark	DKB7	1025639	NA	Unknown	07.03.17	08.03.17	domestic	Unknown	NO	NO	NO	YES	YES	NO	NO	NO	NO	NO	NO	NO	Bad	YES	NA	14	CAAGAGAC	CAAGAGAC
Denmark_15	antisocial	Denmark	DKB9	1025731	NA	Unknown	03.04.17	05.04.17	feral	Unknown	NO	NO	YES	NA	NA	NO	NO	NO	NO	NO	NO	NO	NA	YES	NA	15	TAGAAGAC	TAGAAGAG
Denmark_1	social	Denmark	DKB10	1025903	NA	Unknown	03.05.17	04.05.17	domestic	Unknown	NO	NO	NO	NA	NA	NO	NO	NO	NO	NO	NO	NO	NA	YES	Pregnant	1	AACTGTGC	AACTGTGG
Denmark_2	antisocial	Denmark	DKB11	1025943	NA	Unknown	03.05.17	04.05.17	feral	Unknown	NO	YES	NO	NO	NA	NO	NO	NO	NO	NO	NO	NO	NA	YES	NA	2	TCGTACAG	TCGTACAG
Denmark_3	antisocial	Denmark	DKB13	1026125	NA	Unknown	29.05.17	30.05.17	feral	Unknown	NO	NO	YES	YES	NA	NO	NO	NO	NO	NO	NO	NO	Bad	YES	NA	3	CTCACTGC	CTCACTGG
Denmark_4	social	Denmark	DKB16	1025495	NA	Unknown	21.02.17	21.02.17	feral	Unknown	NO	NO	NO	YES	NA	NO	NO	NO	NO	NO	NO	NO	NA	YES	NA	4	GTGCTACT	GTGCTACT
Denmark_5	social	Denmark	DKB18	17462	NA	Unknown	03.10.17	04.10.17	domestic	Unknown	NO	NO	NO	NA	NA	NO	NO	NO	NO	NO	NO	NO	NA	YES	NA	5	GCTTGACC	GCTTGACG
Denmark_6	social	Denmark	DKB20	1025417 (1)	NA	Unknown	10.03.17	11.03.17	feral	Unknown	NO	NO	NO	NO	YES	NO	NO	NO	NO	NO	NO	NO	NA	YES	NA	6	CATCATCT	CATCATCT
Denmark_7	antisocial	Denmark	DKB21	1025679 (2)	NA	Unknown	17.03.17	20.03.17	feral	Unknown	YES	YES	NO	NO	NA	NO	NO	NO	NO	NO	NO	NO	NA	YES	NA	7	TGCTACTC	TGCTACTG
Denmark_8	antisocial	Denmark	DKB25	1024977(3)	NA	Unknown	15.02.17	16.02.17	feral	Unknown	YES	NO	NO	YES	YES	NO	NO	NO	NO	NO	YES	NO	NA	YES	NA	8	AGAAGTGT	AGAAGTGT
Denmark_9	social	Denmark	DKB27	17166	NA	Unknown	02.05.17	03.05.17	domestic	Unknown	NO	NO	NO	NA	NA	NO	NO	NO	YES	NO	NO	NO	NA	YES	NA	9	AGTGTCAC	AGTGTCAG
Malaysia_501	social	Malaysia	MY10	MYD10	D10	1 year	15.11.17	15.11.17	domestic	Male	NO	NO	NO	YES	YES	NO	NO	NO	NO	NO	YES	NO	Healthy	NA	Overweight	1	AACTGTGC	AACTGTGG
Malaysia_502	social	Malaysia	MY15	MYD15	D15	1 year	18.11.17	18.11.17	domestic	Female	NO	NO	NO	NA	NA	NO	YES	NO	NO	NO	YES	NO	Healthy	NA	NA	2	TCGTACAG	TCGTACAG
Malaysia_503	social	Malaysia	MY16	MYD16	D16	1 year	18.11.17	18.11.17	domestic	Male	NO	NO	NO	YES	YES	NO	YES	NO	NO	NO	YES	NO	Healthy	NA	NA	3	CTCACTGC	CTCACTGG
Malaysia_504	social	Malaysia	MY18	MYD18	D18	6 months	19.11.17	19.11.17	domestic	Male	NO	NO	NO	YES	YES	NO	YES	NO	NO	NO	YES	NO	Healthy	NA	NA	4	GTGCTACT	GTGCTACT
Malaysia_505	antisocial	Malaysia	MY49	MYF49	F19	2 years	24.11.17	24.11.17	feral	Male	NO	YES	YES	NA	YES	NO	NO	YES	NO	YES	YES	NO	NA	NA	NA	5	GCTTGACC	GCTTGACG
Malaysia_506	social	Malaysia	MY3	MYD3	D3(5)	1.5 year	12.11.17	12.11.17	domestic	Male	NO	NO	NO	NA	YES	NO	YES	NO	NO	NO	YES	NO	Healthy	NA	NA	6	CATCATCT	CATCATCT
Malaysia_507	social	Malaysia	MY9	MYD9	D9	1 year	15.11.17	15.11.17	domestic	Female	NO	NO	NO	YES	YES	NO	YES	NO	NO	YES	YES	NO	Healthy	NA	NA	7	TGCTACTC	TGCTACTG
Malaysia_508	social	Malaysia	MY19	MYD19	D19	6 months	19.11.17	19.11.17	domestic	Female	NO	NO	NO	YES	YES	NO	YES	NO	NO	NO	YES	NO	Healthy	NA	NA	8	AGAAGTGT	AGAAGTGT
Malaysia_509	social	Malaysia	MY27	MYD27	D27	1 year	23.11.17	23.11.17	domestic	Female	NO	NO	NO	YES	YES	NO	YES	NO	NO	NO	YES	NO	Healthy	NA	NA	9	AGTGTCAC	AGTGTCAG
Malaysia_510	antisocial	Malaysia	MY36	MYF36	F6 (2)	6 months	16.11.17	16.11.17	feral	Male	NO	YES	NO	YES	NO	YES	YES	NO	NO	NO	YES	NO	Healthy	NA	NA	10	TCACAGGT	TCACAGGT
Malaysia_511	antisocial	Malaysia	MY45	MYF45	F15	1 year	22.11.17	22.11.17	feral	Female	NO	YES	NO	YES	NO	YES	YES	NO	NO	NO	YES	NO	Healthy	NA	Pregnant/nursing	11	CCTTAGAC	CCTTAGAG
Malaysia_512	antisocial	Malaysia	MY48	MYF48	F18	8 months	23.11.17	23.11.17	feral	Female	NO	YES	NO	NO	NO	YES	YES	NO	NO	NO	YES	NO	Healthy	NA	NA	12	GTAAGGTC	GTAAGGTC
Malaysia_513	antisocial	Malaysia	MY52	MYF52	F22 (4)	4 months	26.11.17	26.11.17	feral	Male	YES	NO	NO	YES	NO	YES	YES	NO	NO	YES	YES	NO	Healthy	NA	NA	13	GATCGAGC	GATCGAGG
Malaysia_514	antisocial	Malaysia	MY54	MYF54	F24	1 year	17.12.17	17.12.17	feral	Female	YES	YES	YES	NO	NO	YES	YES	NO	NO	NO	YES	NO	Healthy	NA	NA	14	CAAGAGAC	CAAGAGAC
Malaysia_515	antisocial	Malaysia	MY57	MYF57	F27	1 year	20.12.17	20.12.17	feral	Female	NO	YES	YES	YES	NO	YES	YES	NO	NO	NO	YES	NO	Healthy	NA	NA	15	TAGAAGAC	TAGAAGAG
Spain_501	social	Spain	ES1	ESD1	2019/06/U7 Bubu	1 year	28.06.2019	28.06.2019	domestic	Male	NO	NO	NO	NO	YES	NO	YES	NO	NO	YES	YES	NO	Healthy	NA	scared	1	AACTGTGC	AACTGTGG
Spain_502	social	Spain	ES2	ESD2	2019/06/U8 Kitty	1 year	28.06.2019	28.06.2019	domestic	Female	NO	NO	NO	NO	YES	NO	YES	NO	YES	NO	YES	NO	Healthy	NA	scared	2	TCGTACAG	TCGTACAG
Spain_503	antisocial	Spain	ES3	ESF3	2019/06/U9 Grisi	1.5 years	28.06.2019	28.06.2019	feral	Female	YES	NO	NO	YES	NO	YES	YES	NO	NO	YES	YES	NO	Healthy	NA	Lactating + scared	3	CTCACTGC	CTCACTGG
Spain_504	antisocial	Spain	ES4	ESF4	2019/06/083-3 Lena	1.5 years	NA	NA	feral	Female	NO	NO	NO	YES	NO	YES	YES	NO	NO	YES	YES	NO	Healthy	NA	Lactating + scared + mites in both ears	4	GTGCTACT	GTGCTACT
Spain_505	social	Spain	ES5	ESD5	2019/06/087 Mukina	7 years	NA	NA	domestic	Female	NO	NO	NO	NO	YES	NO	YES	NO	NO	YES	YES	NO	Healthy	NA	Lactating	5	GCTTGACC	GCTTGACG
Spain_506	social	Spain	ES6	ESD6	2019/06/095 Lima	9 months	NA	NA	domestic	Female	NO	NO	NO	YES	YES	NO	YES	NO	NO	YES	YES	NO	Healthy	NA	scared	6	CATCATCT	CATCATCT
Spain_507	antisocial	Spain	ES7	ESF7	2019/05/057 Romeo	2 years	NA	NA	feral	Male	NO	YES	NO	NO	NO	YES	YES	NO	NO	YES	YES	NO	Healthy	NA	NA	7	TGCTACTC	TGCTACTG
Spain_508	antisocial	Spain	ES8	ESD8	2019/05/056 Nara	6 months	NA	NA	domestic	Female	NO	YES	NO	NA	YES	NO	YES	NO	NO	YES	YES	NO	Healthy	NA	Hisses in clinic but is sociable at home	8	AGAAGTGT	AGAAGTGT
Spain_509	antisocial	Spain	ES9	ESF9	2019/05/058 Princesa	8 years	NA	NA	feral	Female	NO	NO	NO	NA	NO	YES	YES	NO	NO	YES	YES	NO	Healthy	NA	scared	9	AGTGTCAC	AGTGTCAG
Spain_510	social	Spain	ES10	ESD10	2019/06/008 Misca	1 year	NA	NA	domestic	Female	NO	NO	NO	YES	YES	NO	YES	NO	NO	YES	YES	NO	Healthy	NA	scared	10	TCACAGGT	TCACAGGT
Spain_511	antisocial	Spain	ES11	ESF11	2019/06/025 Ultima	1 year	NA	NA	feral	Female	YES	YES	NO	NO	NO	YES	YES	NO	NO	YES	YES	YES	Healthy	NA	scared + wound on nose from trying to escape cage	11	CCTTAGAC	CCTTAGAG
Spain_512	antisocial	Spain	ES12	ESF12	2019/06/024 Blanca	4 years	NA	NA	feral	Female	NO	NO	NO	YES	NO	YES	NO	YES	NO	YES	YES	YES	NA	NA	scared + lactating + ear mites and ear dermatitis	12	GTAAGGTC	GTAAGGTC
Spain_514	social	Spain	ES14	ESD14	2019/06/050 Sol	1 year	NA	NA	domestic	Male	NO	NO	NO	YES	YES	NO	YES	NO	NO	YES	YES	NO	Healthy	NA	NA	14	CAAGAGAC	CAAGAGAC
Spain_515	antisocial	Spain	ES15	ESF15	2019/06/049 Naranuto	1 year	NA	NA	feral	Male	NO	YES	NO	YES	NO	YES	YES	NO	NO	YES	YES	NO	Healthy	NA	Ear issues	15	TAGAAGAC	TAGAAGAG
Spain_516	social	Spain	ES16	ESD16	2019/06/043 Lia	13 months	NA	NA	domestic	Female	NO	NO	NO	YES	YES	NO	YES	NO	NO	YES	YES	NO	Healthy	NA	scared	16	AGCGTGTA	AGCGTGTA
